{
  "spacing-unit": {
    "value": "16",
    "type": "spacing",
    "description": "Base size for calculating spacing units"
  },
  "spacing-01": {
    "value": "{spacing-unit} * 0.125",
    "type": "spacing",
    "description": "0.125 rem"
  },
  "spacing-02": {
    "value": "{spacing-unit} * 0.25",
    "type": "spacing",
    "description": "0.25 rem"
  },
  "spacing-03": {
    "value": "{spacing-unit} * 0.5",
    "type": "spacing",
    "description": "0.5 rem"
  },
  "spacing-04": {
    "value": "{spacing-unit} * 0.75",
    "type": "spacing",
    "description": "0.75 rem"
  },
  "spacing-05": {
    "value": "{spacing-unit} * 1",
    "type": "spacing",
    "description": "1 rem"
  },
  "spacing-06": {
    "value": "{spacing-unit} * 1.25",
    "type": "spacing",
    "description": "1.25 rem"
  },
  "spacing-07": {
    "value": "{spacing-unit} * 1.5",
    "type": "spacing",
    "description": "1.5 rem"
  },
  "spacing-08": {
    "value": "{spacing-unit} * 2",
    "type": "spacing",
    "description": "2 rem"
  },
  "spacing-09": {
    "value": "{spacing-unit}*2.5",
    "type": "spacing",
    "description": "2.5 rem"
  },
  "spacing-10": {
    "value": "{spacing-unit}*3",
    "type": "spacing",
    "description": "3 rem"
  },
  "spacing-11": {
    "value": "{spacing-unit} *3.5",
    "type": "spacing",
    "description": "3.5 rem"
  },
  "spacing-12": {
    "value": "{spacing-unit}*4",
    "type": "spacing",
    "description": "4 rem"
  },
  "spacing-13": {
    "value": "{spacing-unit} * 5",
    "type": "spacing",
    "description": "5 rem"
  },
  "spacing-14": {
    "value": "{spacing-unit} *6",
    "type": "spacing",
    "description": "6 rem"
  },
  "spacing-15": {
    "value": "{spacing-unit} *8",
    "type": "spacing",
    "description": "8 rem"
  },
  "button": {
    "vspace": {
      "sm": {
        "value": "{spacing-03}",
        "type": "spacing",
        "description": "Top and Bottom spacing on a button"
      },
      "md": {
        "value": "{spacing-04}",
        "type": "spacing",
        "description": "Top and Bottom spacing on a button"
      },
      "lg": {
        "value": "{spacing-05}",
        "type": "spacing",
        "description": "Top and Bottom spacing on a button"
      },
      "xl": {
        "value": "{spacing-06}",
        "type": "spacing",
        "description": "Top and Bottom spacing on a button"
      }
    },
    "hspace": {
      "sm": {
        "value": "{spacing-04}",
        "type": "spacing",
        "description": "Left and Right spacing on a button"
      },
      "md": {
        "value": "{spacing-04}",
        "type": "spacing",
        "description": "Left and Right spacing on a button"
      },
      "lg": {
        "value": "{spacing-04}",
        "type": "spacing",
        "description": "Left and Right spacing on a button"
      },
      "xl": {
        "value": "{spacing-04}",
        "type": "spacing",
        "description": "Left and Right spacing on a button"
      }
    },
    "radius": {
      "sm": {
        "value": "{radius-01}",
        "type": "borderRadius",
        "description": "Border radius for small buttons"
      }
    },
    "spacing": {
      "sm": {
        "value": "{spacing-02}",
        "type": "spacing",
        "description": "Gap between buttons"
      },
      "md": {
        "value": "{spacing-02}",
        "type": "spacing",
        "description": "Gap between buttons"
      },
      "lg": {
        "value": "{spacing-02}",
        "type": "spacing",
        "description": "Gap between buttons"
      },
      "xl": {
        "value": "{spacing-02}",
        "type": "spacing",
        "description": "Gap between buttons"
      }
    },
    "button-primary": {
      "value": "{brand.blue-500}",
      "type": "color",
      "description": "Primary button backgroundcolor"
    },
    "button-primary-hover": {
      "value": "{neutrals.white}",
      "type": "color",
      "description": "Primary button backgroundcolor:hover"
    },
    "button-primary-active": {
      "value": "{neutrals.white}",
      "type": "color",
      "description": "Primary button backgroundcolor:active"
    },
    "button-primary-disabled": {
      "value": "{neutrals.white}",
      "type": "color",
      "description": "Primary button backgroundcolor:disabled"
    }
  },
  "radius-unit": {
    "value": "16",
    "type": "borderRadius",
    "description": "Base size for calculating border radius units"
  },
  "radius-01": {
    "value": "{radius-unit} * 0.25",
    "type": "borderRadius",
    "description": "0.25 rem"
  },
  "radius-02": {
    "value": "{radius-unit} * 0.5",
    "type": "borderRadius",
    "description": "0.5 rem"
  },
  "radius-03": {
    "value": "{radius-unit} * 0.75",
    "type": "borderRadius",
    "description": "0.75 rem"
  },
  "radius-04": {
    "value": "{radius-unit} * 1.5",
    "type": "borderRadius",
    "description": "1.5 rem"
  },
  "border-01": {
    "value": "1",
    "type": "borderWidth",
    "description": "Border 1px"
  },
  "border-02": {
    "value": "2",
    "type": "borderWidth",
    "description": "Border 2px"
  },
  "line-unit": {
    "value": "16",
    "type": "lineHeights"
  },
  "line-100p": {
    "value": "100%",
    "type": "lineHeights",
    "description": "Lineheight 100%"
  },
  "line-01": {
    "value": "{line-unit} *1",
    "type": "lineHeights",
    "description": "1 rem"
  },
  "line-02": {
    "value": "{line-unit} *1.5",
    "type": "lineHeights",
    "description": "1.5 rem"
  },
  "neutrals": {
    "white": {
      "value": "#ffffff",
      "type": "color"
    },
    "black": {
      "value": "#000000",
      "type": "color"
    },
    "grey-900": {
      "value": "#222222",
      "type": "color"
    },
    "grey-800": {
      "value": "#3b3b3b",
      "type": "color"
    },
    "grey-700": {
      "value": "#515151",
      "type": "color"
    },
    "grey-600": {
      "value": "#626262",
      "type": "color"
    },
    "grey-500": {
      "value": "#7e7e7e",
      "type": "color"
    },
    "grey-400": {
      "value": "#9e9e9e",
      "type": "color"
    },
    "grey-300": {
      "value": "#b1b1b1",
      "type": "color"
    },
    "grey-200": {
      "value": "#cfcfcf",
      "type": "color"
    },
    "grey-100": {
      "value": "#e1e1e1",
      "type": "color"
    },
    "grey-50": {
      "value": "#ededed",
      "type": "color"
    }
  },
  "brand": {
    "yellow-500": {
      "value": "#ffffc6",
      "type": "color"
    },
    "green-500": {
      "value": "#a1d4ab",
      "type": "color"
    },
    "purple-500": {
      "value": "#d6ccff",
      "type": "color"
    },
    "blue-500": {
      "value": "#042FF2",
      "type": "color"
    }
  },
  "text": {
    "text-primary": {
      "value": "{neutrals.grey-900}",
      "type": "color",
      "description": "Primary Text Color"
    },
    "text-on-color": {
      "value": "{neutrals.white}",
      "type": "color"
    }
  },
  "icon": {
    "icon-primary": {
      "value": "{neutrals.grey-900}",
      "type": "color",
      "description": "Icon color"
    },
    "icon-on-color": {
      "value": "{neutrals.white}",
      "type": "color"
    }
  },
  "button-fixed-minwidth": {
    "value": "112",
    "type": "sizing",
    "description": "Minimum button width"
  },
  "lineicon-width-primary": {
    "value": "1.5",
    "type": "borderWidth"
  },
  "button-label": {
    "value": {
      "lineHeight": "{line-01}",
      "fontSize": "14",
      "letterSpacing": "0%",
      "fontFamily": "Inter",
      "fontWeight": "Medium"
    },
    "type": "typography"
  }
}